Lista de preços - NOVEMBRO/2025,,,,,
Categoria: Informática,,,,,
Título do Livro,ISBN,,Autor,Preço (R$),Status
A Cor dos Dados,9788575228524,,Kate Strachnyi,"79,00",Disponível
A Linguagem de Programação GO,9788575225462,,Brian W. Kernighan,"98,00",Disponível
Active Directory com Samba 4,9786586057935,,Nivio Paula de Souza,"159,00",Disponível
Active Directory com Samba 4 - Tópicos Avançados,9788575228586,,Nivio Paula de Souza,"169,00",Disponível
Administração de Redes Linux,9788575224618,,Ricardo Lino Olonca,"63,00",Disponível
Agile para Todos,9788575227909,,Matt Lemay,"64,00",Disponível
Alarmes – O Livro do Instalador,9788575221358,,Hélio Reis Magaldi,"72,00",Disponível
Análise de Tráfego em Redes TCP/IP ,9788575223758,,João Eriberto Mota Filho,"98,00",Disponível
Aprenda a ficar Anônimo na Internet,9788575228463,,Kushantha Gunawardana,"98,00",Disponível
Aprenda Computação Forense,9786586057553,,William Oettinger,"103,00",Disponível
Aprenda Eletrônica com Arduino,9788575226667,,"Josy Culkin, Eric Hagan","103,00",Disponível apenas em e-book
Aprenda Node.js com Projetos Reais,9788575229705,,Jonathan Wexler,"115,00",Disponível
Aprendendo a Proteger Suas Senhas,9788575225394,,Joe Kissell,"64,00",Disponível
Aprendendo a Quebrar Senhas,9788575229354,,James Leyte-Vidal,"65,00",Disponível
Aprendendo Git,9788575228821,,Anna Skoulikari,"99,00",Disponível
Aprendendo Kali Linux,9788575229453,,Ric Messier,"152,00",Disponível
Aprendendo Laravel,9788575226285,,"Michael Douglas, Matheus Marabesi","76,00",Disponível
Aprendendo Material Design,9788575225127,,Kyle Mew,"69,00",Disponível
Aprendendo Node,9788575225400,,Shelley Powers,"92,00",Disponível
Aprendendo Padrões de Projeto em Python,9788575225233,,Chetan Giridhar,"64,00",Disponível apenas em e-book
Aprendendo SQL,9788575222102,,Alan Beaulieu,"105,00",Disponível apenas em e-book
Aprendendo TypeScript,9786586057997,,Josh Goldberg,"97,00",Disponível
Arduino em Ação,9788575223734,,"Martin Evans, Joshua Noble, Jordan Hochenbaum ","119,00",Disponível
Arduino Fashion Geek,9786586057294,,Gedeane Kenshima,"83,00",Disponível
Articulando Decisões de Design,9786586057461,,Tom Greever,"89,00",Disponível
As Regras da Programação,9788575228548,,Chris Zimmerman,"97,00",Disponível
Asterisk Guia Definitivo,9788575228210,,"Jim Van Meggelen, Russell Bryant, Leif Madsen","119,00",Disponível
Automatize Tarefas Maçantes com Python – 3ª Edição,9788575229644,,Al Sweigart,"189,00",Disponível
Avaliação de Segurança de Redes,9788575225653,,Chris McNab,"124,00",Disponível
Bash Guia de Consulta Rápida,8575220063,,Joel Saade,"39,00",Disponível
Black Hat Python – 2ª Edição,9788575228890,,Justin Seitz e Tim Arnold,"83,00",Disponível
Bootstrap,9788575228562,,Mauricio Samy Silva,"64,00",Disponível
Cientista da Computação Autodidata,9788575228371,,Cory Althoff,"67,00",Disponível
Cloud FinOps – 2ª Edição,9788575228975,,J.R. Storment/Mike Fuller,"149,00",Disponível
Como a Inteligência Artificial Funciona,9788575228845,,Ronald T. Kneusel,"79,00",Disponível
Como Montar um Robô,9788575226797,,Gordon McComb,"45,00",Disponível
Como o Linux Funciona,9788575224199,,Brian Ward,"109,00",Disponível apenas em e-book
Como Ser um Programador Melhor,9788575224151,,Pete Goodliffe,"99,00",Disponível
Como Usar uma Protoboard!,9788575226650,,"Sean Ragan, Josy Culkin","42,00",Disponível
Conectando o Arduino à Web,9788575227121,,Indira Knight,"89,00",Disponível
Construa uma Carreira em Ciência de Dados,9786586057423,,"Emily Robinson, Jacqueline Nolis","114,00",Disponível
Construindo Aplicações com o NodeJS – 4ª Edição,9788575228784,,William Bruno Moraes,"89,00",Disponível
Construindo Aplicações Web com PHP e MySQL – 2ª edição,9788575225295,,André Milani,"85,00",Disponível apenas em e-book
Construindo Chatbots com Python,9788575228098,,Sumit Raj,"72,00",Disponível
Construindo Sistemas Embarcados,9788575229194,,Elecia White,"149,00",Disponível
Construindo Sites com CSS e (X)HTML ,9788575221396,,Mauricio Samy Silva,"109,00",Disponível
Construindo uma Aplicação Web Completa com PHP e MySQL,9788575225363,,William Pereira Alves,"109,00",Disponível apenas em e-book
Construindo uma Carreira em Cibersegurança,9788575228807,,Yuri Diogenes,"65,00",Disponível
Construindo uma Carreira em Software,9786586057690,,Daniel Heller,"89,00",Disponível
Construindo uma Loja Virtual,9788575224946,,André Gugliotti,"53,00",Disponível
Criando Microsserviços – 2ª Edição,9786586057881,,Sam Newman,"159,00",Disponível
Criptografia - Segredos Embalados para Viagem 2ª edição,9788575228951,,Viktoria Tkotz,"119,00",Disponível
CSS Grid Layout,9788575226322,,Mauricio Samy Silva,"64,00",Disponível
CSS3,9788575222898,,Mauricio Samy Silva,"119,00",Disponível apenas em e-book
Curso Básico da Linguagem C,9788575227329,,Peter Jandl Jr.,"75,00",Disponível
Curso Intensivo de MySQL,9788575228722,,Rick Silva,"95,00",Disponível
Curso Intensivo de Python – 3ª Edição,9788575228432,,Eric Matthes,"169,00",Disponível
Dados Abertos Conectados,9788575224496,,"Seiji Isotani, Ig Ibert Bittencourt","64,00",Disponível
Data Mesh,9788575228685,,Zhamak Dehghani,"119,00",Disponível
Decifrando Arquiteturas de Dados,9788575229217,,James Serra,"95,00",Disponível
Definindo Escopo em Projetos de Software,9788575224298,,Carlos Alberto Debastiani,"62,00",Disponível
Desenvolvendo Aplicações com Xamarin,9788575226117,,William Pereira Alves,"74,00",Disponível
Desenvolvendo Projetos com Arduino,9788575229033,,"Luiza Regina Branco Fernandes, André Tritiack","89,00",Disponível
Desenvolvendo Websites com PHP – 3ª Edição,9788575225349,,Juliano Niederauer,"85,00",Disponível 
Desenvolvimento de Aplicativos Móveis com Xamarin,9788575224663,,Dan Harmes,"105,00",Disponível
Desenvolvimento Web com Django 3 Cookbook,9786586057270,,"Aidas Bendoraitis, Jane Kronika","149,00",Disponível
Desenvolvimento Web com Flask,9788575226810,,Miguel Grinberg,"105,00",Disponível apenas em e-book
Design Centrado no Usuário ,9788575223666,,Travis Lowdermilk,"62,00",Disponível
Design de Microsserviços com Django,9786586057065,,Athos Hochrein,"62,00",Disponível
Design Thinking & Thinking Design,9788575224533,,"Adriana Melo, Ricardo Abelheira","65,00",Disponível apenas em e-book
Desvendando a Computação Forense,9788575222607,,"Pedro Eleutério, Marcio Machado","55,00",Disponível apenas em e-book
Dominando Estilos de APIs,9788575229804,,"Lucasz Dynowsky, Marcin Dulak","129,00",Disponível
Dominando o Android com Kotlin,9788575227268,,Nelson Glauber,"159,00",Disponível apenas em e-book
Dominando o Node.js,9788575229477,,Ulises Gascón,"115,00",Disponível
Dominando o React,9788575229583,,Maximilian Schwarzmüller,"159,00",Disponível
E-commerce com PHP e MySQL,9788575223970,,Larry Ullman ,"134,00",Disponível
Eletrônica Fácil,9788575226889,,Charles Platt,"42,00",Disponível
Engenharia de Confiabilidade do Google,9788575225172,,"Betsy Beyer, Chris Jones, Jennifer Setoff, Niall Richard Murphy","159,00",Disponível
Engenharia de Plataforma,9788575229415,,"Camille Fournier, Ian Nowland","109,00",Disponível
Engenharia de Software para Cientistas de Dados,9788575229170,,Catherine Nelson,"93,00",Disponível
Entendendo Algoritmos,9788575225639,,Aditya Y. Bhargava,"75,00",Disponível
Entendendo Estruturas de Dados,9788575229316,,Marcello La Rocca,"96,00",Disponível
Equipes de Software,9788575223291,,"Brian W. Fritzpatrick, Ben Collins-Sussman","59,00",Disponível
Estratégia de UX,9786586057652,,Jaime Levy,"95,00",Disponível
Estruturas de Dados e Algoritmos com Python,9788575228500,,Basant Agarwal,"116,00",Disponível
Estruturas de Dados e Algoritmos em Javascript – 2ª Edição,9788575226933,,Loiane Groner,"109,00",Disponível
Expressões Regulares Uma Abordagem Divertida – 5ª Edição,9788575224748,,Aurelio Marinho Jargas,"62,00",Disponível
Facilitando a Arquitetura de Software,9788575229569,,Andrew Harmel-Law,"152,00",Disponível
Ferramentas Essenciais para Desenvolvedores PHP,9788575225264,,Chad Russell,"49,00",Disponível
Fundamentos da Arquitetura de Software – 2ª Edição,9788575229682,,"Mark Richard, Neal Ford","152,00",Disponível
Fundamentos da SVG,9788575223215,,Mauricio Samy Silva,"59,00",Disponível
Fundamentos de Engenharia de Dados,9788575228760,,Joe Reis/Matt Housley,"165,00",Disponível
Fundamentos de HTML5 e CSS3,9788575224380,,Maurício Samy Silva,"76,00",Disponível
Fundamentos de Sass e Compass,9788575224878,,Mauricio Samy Silva,"59,00",Disponível
Fundamentos do Gerenciamento de Metadados,9788575229743,,Ole Olesen-Bagneux,"96,00",Disponível
Gerência de Configuração com Puppet,9788575226247,,Aécio dos Santos Pires,"64,00",Disponível
Gerenciamento da Superfície de Ataque,9788575229729,,"Ron Eddings,MJ Kaufmann","96,00",Disponível
Gerenciando Privilégios em Tecnologia da Informação,9788575223000,,"John Mutch, Brian Anderson","65,00",Disponível
Google Hacking para Pentest,9788575225073,,"Johnny Long, Bill Gardner, Justin Brown","79,00",Disponível apenas em e-book
Guia Prático de Cifragem Manual,9788575226223,,Fred Ribeiro,"59,00",Disponível apenas em e-book
Hacking com Kali Linux,9788575223956,,"James Broad, Andrew Bindner ","83,00",Disponível apenas em e-book
HTML5 A Linguagem de Marcação que Revolucionou a Web – 2ª Edição,9788575224038,,Maurício Samy Silva,"85,00",Disponível
HTTP Guia de Consulta Rápida,8575220101,,Décio Jr.,"39,00",Disponível
IA Generativa para Desenvolvimento de Software,9788575229767,,Sergio Pereira,"79,00",Disponível
Implementando o Data Mesh,9788575229439,,"Jean-Georges Perrin, Eric Broda","89,00",Disponível
Infraestrutura como Código – 3ª Edição,9788575229620,,Kief Morris,"139,00",Disponível
Inteligência Artificial na Educação Básica,9788575228708,,Rosa Vicari/Christian Brackmann/Lucas Mizusaki/Cristiano Galafassi,"59,00",Disponível
"Internet das Coisas com ESP8266, Arduino e Raspberry Pi – 2ª Edição",9786586057355,,Sérgio de Oliveira,"79,00",Disponível
Internet das Coisas para Desenvolvedores,9788575227800,,Ricardo da Silva Ogliari,"69,00",Disponível apenas em e-book
Introdução à Inteligência Artificial,9788575228197,,Tom Taulli,"75,00",Disponível
Introdução à Linguagem Lua,9788575226681,,José Augusto N. G. Manzano,"59,00",Disponível apenas em e-book
Introdução à Linguagem Python,9788575227145,,José Augusto N. G. Manzano,"103,00",Disponível apenas em e-book
Introdução à Linguagem SQL,9788575225011,,Thomas Nield,"55,00",Disponível
Introdução à Orientação a Objetos com C++ e Python,9788575225486,,Orlando Saraiva Jr,"69,00",Disponível apenas em e-book
Introdução à Programação com a Linguagem C,9788575224854,,Rodrigo de Barros Paes,"75,00",Disponível
Introdução à Programação com Python – 4ª Edição,9788575228869,,Nilo Ney Coutinho Menezes,"129,00",Disponível
Introdução ao DNS,9788575225288,,Celso Marcos Furtado,"49,00",Disponível apenas em e-book
Introdução ao GraphQL,9788575227039,,"Eve Porcello, Alex Banks","65,00",Disponível
Introdução ao JSON,9788575224519,,Lindsay Bassett,"59,00",Disponível apenas em e-book
Introdução ao MongoDB,9788575224229,,"David Hows, Peter Membrey, Eelco Plugge","59,00",Disponível
Introdução ao Pentest – 2ª Edição,9788575228074,,Daniel Moreno,"99,00",Disponível
Introdução ao Web Hacking,9788575223918,,Josh Pauli,"62,00",Disponível apenas em e-book
Introdução às Expressões Regulares,9788575223307,,Michael Fitzgerald,"59,00",Disponível
Introduccion a La Programación con Python ,9788575225134,,Nilo Ney Coutinho Menezes,"89,00",Disponível
IoT com Micropython e NodeMCU,9786586057867,,"Cláudio Oliveira, Humberto Zanetti","77,00",Disponível
IPv6 - O novo protocolo da internet,9788575223741,,Samuel Henrique Bucke Brito,"59,00",Disponível
Java Guia do Programador – 4ª Edição,9786586057577,,Peter Jandl Jr.,"129,00",Disponível
JavaScript Essencial,9788575228919,,Maurício Samy Silva,"89,00",Disponível
JavaScript Guia do Programador,9788575222485,,Mauricio Samy Silva,"129,00",Disponível apenas em e-book
Kotlin em ação,9788575226100,,"Dmitry Jemerov, Svetlana Isakova","114,00",Disponível apenas em e-book
Kubernetes Básico,9788575228241,,"Brendan Burns, Joe Beda, Kelsey Hightower","79,00",Disponível apenas em e-book
Laboratórios de Tecnologias Cisco em Infraestrutura de Redes – 2ª Edição,9788575223352,,Samuel Henrique Bucke Brito,"85,00",Disponível
Lançamento de Software,9788575223314,,Chris Vander Mey,"69,00",Disponível
Laravel para Ninjas,9788575225509,,Ademir C. Gabardo,"55,00",Disponível
Lauren Ipsum,9788575224717,,Carlos Bueno,"53,00",Disponível
Lean UX,9788575228333,,"Jeff Gothelf, Josh Seiden","97,00",Disponível
Leis da Psicologia Aplicadas a UX – 2ª Edição,9786586059156,,Jon Yablonski,"79,00",Disponível
Linux Eficiente na Linha de Comando,9786586057973,,Daniel J. Barret,"87,00",Disponível
Linux Guia Prático - 4ª Edição,9788575229118,,Daniel J. Barret,"98,00",Disponível
Linux para Makers,9788575226735,,Aaron Newcomb,"73,00",Disponível
Lógica de Programação e Algoritmos com JavaScript – 2ª Edição,9786586057904,,Edécio Fernando Iepsen,"89,00",Disponível
Machine Learning – Guia de Referência Rápida,9788575228173,,Matt Harrison,"84,00",Disponível
Manual do Hacker,9788575227534,,Adrian Pruteanu,"115,00",Disponível
Matemática com Python,9788575227060,,Guilherme A. Barucke Marcondes,"62,00",Disponível
Microsserviços Prontos para a Produção,9788575226216,,Susan J Fowler,"69,00",Disponível
Migrando para a AWS,9786586057409,,Jeff Armstrong,"93,00",Disponível
Migrando Sistemas Monolíticos para Microsserviços,9786586057041,,Sam Newman,"85,00",Disponível
Nas Linhas do Arduino,9786586057027,,Gedeane Kenshima,"69,00",Disponível
Node Essencial,9788575226773,,Ricardo R. Lecheta,"67,00",Disponível
Nomes de domínio na internet,9788575224427,,Kelli Angelini Neves,"49,00",Disponível
NoSQL Essencial,9788575223383,,"Pramod J. Sadalage, Martin Fowler","73,00",Disponível
O Algoritmo Mestre,9788575225387,,Pedro Domingos,"103,00",Disponível apenas em e-book
O Catálogo de Dados Corporativos,9788575228647,,Ole Olesen-Bagneux,"75,00",Disponível
O Guia do Mochileiro Python,9788575225417,,"Kenneth Reitz, Tanya Schlusser","105,00",Disponível
Operadores do Kubernetes,9786586057195,,"Jason Dobies, Joshua Wood","62,00",Disponível apenas em e-book
Padrões de Design de Engenharia de Dados,9788575229668,,Bartosz Konieczny,"109,00",Disponível
Padrões JavaScript,9788575222669,,Stoyan Stefanov,"73,00",Disponível
Padrões para Kubernetes,9788575228142,,"Bilgin Ibryam, Roland Hub","79,00",Disponível apenas em e-book
Pense em Estatística – 3ª Edição,9788575229606,,Allen Downey,"99,00",Disponível
Pense em Python - 3ª Edição,9788575225080,,Allen B. Downey,"109,00",Disponível
Pentest em Aplicações Web,9788575226131,,Daniel Moreno,"119,00",Disponível
Pentest em Redes sem Fio,9788575224830,,Daniel Moreno,"92,00",Disponível
Perícia Forense Digital,9788575227923,,Nihad A Hassan,"85,00",Disponível
PHP Para Quem Conhece PHP– 5ª Edição,9788575225905,,Juliano Niederauer,"109,00",Disponível apenas em e-book
Primeiros Passos com a Linguagem Rust,9788575226834,,José Augusto N. G. Manzano,"89,00",Disponível
Primeiros Passos com React,9788575225202,,Stoyan Stefanov,"75,00",Disponível apenas em e-book
Primeiros Passos com Sensores,9788575224021,,"Kimmo Karvinen, Tero Karvinen","49,00",Disponível
Primeiros Passos com Soldagem,9788575226643,,Marc de Vinck,"45,00",Disponível
Princípios de Orientação a Objetos em JavaScript,9788575223895,,Nicholas C. Zakas,"64,00",Disponível
Problemas Clássicos de Ciência da Computação com Python,9788575228050,,David Kopec,"79,00",Disponível
Programação em Baixo Nível,9788575226674,,Igor Zhirkov,"149,00",Disponível
Programação em Rust – 2ª Edição,9788575228609,,"Jim Blandy, Jason Orendorff, Leonora F. S. Tindall","219,00",Disponível apenas em e-book
Programação Shell Linux – 13ª Edição,9788575228456,,Julio Cezar Neves,"129,00",Disponível
Programação Utilizando IA,9788575229255,,Tom Taulli,"82,00",Disponível
Programação Web com Node e Express,9786586057089,,Ethan Brown,"105,00",Disponível apenas em e-book
Programador Autodidata,9788575228357,,Cory Althoff,"74,00",Disponível
Projetando Sistemas Distribuídos,9788575229545,,Brendam Burns,"85,00",Disponível
Projeto de Banco de Dados e Teoria Relacional,9788575224557,,C.J. Date,"103,00",Disponível
Projetos de Automação Residencial com ESP8266,9788575226803,,Catalin Batrinu,"53,00",Disponível apenas em e-book
Projetos de Ciência de Dados com Python,9786586057102,,Stephen Klosterman,"93,00",Disponível
Projetos Front-end com Vue.js – 2ª Edição,9788575228661,,Maya Shavin/Raymond Camden,"165,00",Disponível
Projetos Maker,9788575227046,,Hellynson Cássio Lana,"65,00",Disponível apenas em e-book
Proteção Moderna de Dados,9786586057843,,W. Curtis Preston,"119,00",Disponível
Python e R para o Cientista de Dados Moderno,9786586057959,,"Rick J. Scavetta, Boyan Angelov","79,00",Disponível
Python Eficaz,9788575225103,,Brett Slatkin,"89,00",Disponível
Python Levado a Sério,9786586057171,,Julien Danjou,"79,00",Disponível
Python para Análise de Dados - 3ª Edição,9788575228418,,Wes McKinney,"169,00",Disponível
Python para Bioinformática,9788575229392,,Diego Mariano,"139,00",Disponível
Python para Ciência de Dados,9788575228487,,Yuli Vasiliev,"79,00",Disponível
Python Poderoso,9788575229521,,Aaron Maxwell,"85,00",Disponível
Ransomware,9788575225516,,"Allan Liska, Timothy Gallo","73,00",Disponível apenas em e-book
React Fluente,9788575229095,,Tejas Kumar,"129,00",Disponível
Redação Estratégica para UX,9788575228128,,Torrey Podmajersky,"67,00",Disponível
Redes de Computadores – 2ª Edição,9788575223680,,Douglas Rocha Mendes,"95,00",Disponível apenas em e-book
Refatoração – 2ª Edição,9788575227244,,Martin Fowler,"129,00",Disponível
Refatoração de CSS,9788575225370,,Steve Lindstrom,"59,00",Disponível
Scrum em Ação,9788575222850,,"Andrew Pham, Phuong-Van Pham","75,00",Disponível
Segurança em Servidores Linux,9788575225356,,Chris Binnie,"62,00",Disponível
Serviços de Redes em Servidores Linux,9788575226193,,Samuel Henrique Bucke Brito,"55,00",Disponível apenas em e-book
Shell Script Profissional,9788575221525,,Aurelio Marinho Jargas,"109,00",Disponível
SQL em 10 Minutos por Dia,9786586057447,,Ben Forta,"79,00",Disponível
SQL Guia Prático,9788575228319,,Alice Zhao,"79,00",Disponível
SQL para Análise de Dados,9786586057751,,Cathy Tanimura,"119,00",Disponível
Storytelling no Design de Produto,9786586057218,,Anna Dahlström,"115,00",Disponível
Temas em Magento,9788575223963,,André Gugliotti ,"52,00",Disponível
Tidy First?,9788575228999,,Kent Beck,"62,00",Disponível
Uma Breve Introdução à Mineração de Dados,9786586057508,,Joaquim V. C. Assunção,"59,00",Disponível
UML 2 Uma Abordagem Prática – 3ª Edição,9788575226469,,Gilleanes T. A. Guedes,"119,00",Disponível apenas em e-book
UX para Empresas,9788575229057,,Joel Marsh,"99,00",Disponível
Web Interativa com Ajax e PHP – 2ª Edição,9788575223277,,Juliano Niederauer,"76,00",Disponível
Web Scraping com Python – 3ª Edição,9788575229231,,Ryan Mitchell,"129,00",Disponível
Web Services Restful,9788575224540,,Ricardo R. Lecheta,"105,00",Disponível
Wireshark para Profissionais de Segurança,9788575225936,,"Jessey Bullock, Jeff T. Parker","93,00",Disponível apenas em e-book
,,,,,
Categoria: Guia Mangá,,,,,
Título do Livro,ISBN,,Autor,Preço (R$),Status
Guia Mangá Álgebra Linear,9788575222935,,Shin Takahashi,"83,00",Disponível
Guia Mangá Análise de Regressão,9788575226988,,Shin Takahashi,"83,00",Disponível
Guia Mangá Bioquímica,9788575222874,,Masaharu Takemura,"83,00",Disponível
Guia Mangá Circuitos Eletrônicos,9788575224762,,Kenichi Tanaka,"83,00",Disponível
Guia Mangá Concreto,9788575225226,,Tetsuya Ishida,"83,00",Disponível
Guia Mangá de Bancos de Dados,9788575221631,,"Mana Takahashi, Trend-Pro Co. Ltd","83,00",Disponível
Guia Mangá de Biologia Molecular,9788575222072,,"Masaharu Takemura, Becom Co. Ltd.","83,00",Disponível
Guia Mangá de Cálculo Diferencial e Integral,9788575222089,,"Hiroyuki Kojima, Becom Co. Ltd.","83,00",Disponível
Guia Mangá de Eletricidade,9788575221907,,"Kazuhiro Fujitaki, Trend-Pro Co. Ltd.","83,00",Disponível
Guia Mangá de Estatística,9788575221686,,"Shin Takahashi, Trend-Pro Co. Ltd.","83,00",Disponível
Guia Mangá de Física Mecânica Clássica,9788575221969,,"Hideo Nitta, Trend-Pro Co. Ltd.","83,00",Disponível
Guia Mangá Fisiologia,9788575226049,,Etsuro Tanaka,"83,00",Disponível
Guia Mangá Dinâmica dos Fluidos,9788575224816,,"Masahiro Takei, Mai Matsushita, Office Sawa","83,00",Disponível
Guia Mangá Microprocessadores,9788575226971,,Michio Shibuya,"83,00",Disponível
Guia Mangá Motores Elétricos,9788575224823,,"Masayuki Morimoto, Ren Shimazu, Trend-Pro Co. Ltd.","83,00",Disponível
Guia Mangá Números Complexos,9788575224670,,Masashi Ochi,"83,00",Disponível
Guia Mangá Relatividade,9788575222720,,"Masafumi Yamamoto, Trend-Pro Co. Ltd","83,00",Disponível
Guia Mangá Universo,9788575222829,,"Kenji Ishikawa, Kiyoshi Kawabata, Verte Corp.","83,00",Disponível
,,,,,
Categoria: Negócios,,,,,
Título do Livro,ISBN,,Autor,Preço (R$),Status
A Bíblia do Marketing Digital – 2ª Edição,9788575227169,,Cláudio Torres,"92,00",Disponível
A Dieta da Informação,9788575222775,,Clay A. Johnson,"59,00",Disponível
Análise de Crédito e Cobrança,9788575228265,,Renivaldo José Sebben,"65,00",Disponível
Base de Conhecimento para Help Desk e Service Desk,9786586057317,,Roberto Cohen,"65,00",Disponível
Boas Apresentações Vendem Ideias,9788575222140,,Carlos Alberto Debastiani,"55,00",Disponível
Como Criar e Conduzir Cursos e Apresentações,9788575228623,,Sônia Martinez,"64,00",Disponível
Desmistificando o Neuromarketing,9786586057331,,Sérgio Ignácio,"95,00",Disponível
Gamification em Help Desk e Service Desk,9788575225837,,Roberto Cohen,"65,00",Disponível
Google Analytics e Google Tag Manager para Desenvolvedores,9788575225028,,Jonathan Weber,"93,00",Disponível
Implantação de Help Desk e Service Desk,9788575221648,,Roberto Cohen,"59,00",Disponível
Jovem e Bem-Sucedido,9788575223642,,Juliano Niederauer,"42,00",Disponível
Manual do Futuro Redator,9788575224397,,Sérgio Calderaro,"42,00",Disponível
Métricas para Help Desk e Service Desk ,9788575224212,,Roberto Cohen,"65,00",Disponível
Neuromarketing Aplicado à Redação Publicitária ,9788575223710,,Lilian S. Gonçalves,"59,00",Disponível
O Verdadeiro Marketing Médico,9788575228937,,Dr. Willy Marcus França,"89,00",Disponível
Os 8 Ps do Marketing Digital,9788575222751,,Conrado Adolpho,"149,00",Disponível apenas em e-book
Pesquisas de Opinião Pública,9788575225431,,Alexandre Correa,"89,00",Disponível
,,,,,
Categoria: Finanças,,,,,
Título do Livro,ISBN,,Autor,Preço (R$),Status
Alta Performance em Investimentos,9786586057782,,Jefferson Holtz,"87,00",Disponível
Análise Técnica de Ações ,9788575221532,,Carlos Alberto Debastiani,"73,00",Disponível
Aprenda a Investir por Conta Própria,9788575229132,,Elisson de Andrade,"89,00",Disponível
"Avaliando Empresas, Investindo em Ações",9788575221792,,"Carlos Alberto Debastiani, Felipe Russo","69,00",Disponível
Blockchain Básico,9788575226698,,Daniel Drescher,"78,00",Disponível
Candlestick – 2ª Edição,9786586057676,,Carlos Alberto Debastiani,"83,00",Disponível
Curso Rápido de Candlestick,9786586057737,,Steve Nison,"89,00",Disponível
Estratégias Estatísticas em Investimentos,9788575221945,,Ademir Xavier,"54,00",Disponível apenas em e-book
Estratégias para Lucrar com Gráficos de Candlestick,9786586057638,,Steve Nison,"75,00",Disponível
Fundos de Investimento Imobiliários – 2ª Edição,9788575228876,,Roni Antônio Mendes,"89,00",Disponível
Ganhando Dinheiro com Opções,9788575222423,,Elvis Pfützenreuter,"59,00",Disponível
Imposto de Renda no Mercado de Ações – 3ª Edição,9786586057003,,Murillo Lo Visco,"79,00",Disponível
Indo Além de Candlesticks,9786586057768,,Steve Nison,"95,00",Disponível
Investindo com os pés no chão,97888575229378,,Roni Antônio Mendes,"72,00",Disponível
Investindo na Bolsa Americana - 2ª Edição,9788575229019,,Felipe Augusto Russo,"72,00",Disponível
Investindo na Bolsa de Valores,9788575226780,,Ademir Passos,"67,00",Disponível
Investindo no Mercado de Opções – 2ª Edição,9786586057805,,Elvis Pfützenreuter,"69,00",Disponível
Lucrando com os Tubarões,9788575222881,,"Newton Linchen, Tarcísio S. Peres","55,00",Disponível
Manual de Análise Técnica,9788575221921,,Marcos Abe,"69,00",Disponível
Montando uma Carteira de Investimentos Inteligente,9786586057515,,Paulo Boniatti,"86,00",Disponível
Negociando Ações com Foco no Curto Prazo,9786586057379,,Carlos Alberto Debastiani,"67,00",Disponível
O Poder dos Gráficos de Candlestick,9788575228395,,Fred K. H. Tam,"98,00",Disponível
O que aprendi sobre investimentos com Darwin,9788575229071,,Pulak Prasad,"92,00",Disponível
Operando na Bolsa de Valores Utilizando Análise Técnica,9788575221563,,Joseilton S. Correia,"69,00",Disponível
Os 13 Axiomas dos Fundos Imobiliários,9788575229330,,Fabricio Soto,"67,00",Disponível
Pare de Viver na Corda Bamba,9788575222331,,Carlos Alberto Debastiani,"55,00",Disponível
Técnicas de Gráficos de Candlestick,9786586057713,,Steve Nison,"98,00",Disponível
,,,,,
Categoria: Outros,,,,,
Título do Livro,ISBN,,Autor,Preço (R$),Status
As Palavras mais Comuns da Língua Inglesa – 2ª Edição,8575220373,,Rubens Queiroz de Almeida,"65,00",Disponível apenas em e-book
Como Formatar seu TCC,9788575227824,,Alexandre L. Rangel,"64,00",Disponível
Desafios e Enigmas,9788560000067,,"Juliano Niederauer, Marla Aguiar","62,00",Disponível
Design de Embalagem,9788575221556,,"Celso Negrão, Eleida Pereira de Camargo","82,00",Disponível
Longevidade Inteligente,9788575228289,,Alexandre Correa,"53,00",Disponível
Read in English ,8575220225,,Rubens Queiroz de Almeida,"66,00",Disponível apenas em e-book
